serial,img_url
78222467,
98797467,
87111608,
79376276,
72034404,
98573520,
99063302,
98571679,
98571649,
73166262,
74384106,
72423249,
87207837,
98957869,
73202346,
97717183,
74386739,
73302504,
97117791,
97235541,
97425629,
72414177,
97407277,
97434458,
77443332,
73200031,
97320695,
97044858,
74398767,
97460127,
73200253,
88270486,
75975826,
98453852,
90442460,
97320696,
97320697,
73308697,
79302614,
97569822,
88747392,
73172398,
72414176,
90628243,
98877114,
98877916,
73622198,
77703705,
88676035,
85669743,
97235296,
97406117,
73361064,
90670890,
75028000,
77621641,
77705588,
73829171,
75423989,
97095944,
97096236,
97050169,
97568855,
88778036,
88780457,
88781470,
97509558,
98786391,
98075502,
98015607,
98029846,
98030154,
98127411,
98128494,
88890812,
88984658,
88946270,
88976602,
90118325,
77055385,
77055394,
77779966,
75978002,
74588146,
74605805,
88671212,
88676329,
77877978,
97677155,
97677156,
77513423,
98774127,
85215162,
85980359,
86767465,
78528586,
86315323,
97262944,
99204259,
88212966,
73361065,
73714272,
74132298,
74000758,
73190217,
73728115,
73799044,
73361067,
73536336,
73302507,
74291743,
99071045,
99052953,
75352837,
90059816,
90086080,
73391596,
98030039,
97430689,
97509553,
97056361,
76046522,
76054963,
99162016,
85012185,
73368773,
73302505,
73302506,
97029359,
75000071,
97599049,
97627592,
98046616,
98493332,
97133113,
75977266,
75981262,
88664376,
88780469,
88824186,
85585515,
78528705,
74080186,
77146617,
74624334,
87772337,
88136152,
73304275,
90585573,
86048388,
98005404,
85235609,
85269004,
85648215,
97406104,
97406121,
88981752,
88943842,
90086076,
85946887,
77055375,
90731895,
97096366,
97096952,
90492296,
90518972,
75000070,
97916025,
88831783,
74333272,
97133047,
77526152,
77753704,
74612653,
88678450,
98200554,
78801040,
78411705,
78528588,
78613193,
77334684,
77355551,
97637155,
97568860,
75883317,
75975988,
73302503,
98268198,
99231612,
78856997,
86263477,
86172388,
90670895,
98945728,
90881775,
99031771,
99128736,
98127148,
90241957,
90381170,
75918603,
97609115,
98774074,
99271384,
98522043,
98786387,
98786390,
97021416,
97029357,
97671397,
97677164,
97509555,
98030018,
98223764,
97096945,
90085898,
78719454,
85012219,
86762618,
87663275,
87797553,
77621602,
77621665,
90376638,
90381165,
73304174,
90731875,
77090913,
77055366,
77218391,
75977720,
74605806,
74612654,
74612655,
98576430,
75034390,
76266328,
87295796,
88107726,
87083024,
86263472,
87575572,
88238540,
88255119,
98618461,
88274502,
97096950,
99231615,
88872671,
86048476,
73361065,
73714272,
74132298,
74000758,
73190217,
73728115,
73799044,
73361067,
73536336,
73302507,
74291743,
99071045,
99052953,
75352837,
90059816,
90086080,
73391596,
98030039,
97430689,
97509553,
97056361,
76046522,
76054963,
99162016,
85012185,
73368773,
73302505,
73302506,
97029359,
75000071,
97599049,
97627592,
98046616,
98493332,
97133113,
75977266,
75981262,
88664376,
88780469,
88824186,
85585515,
78528705,
74080186,
77146617,
74624334,
87772337,
88136152,
73304275,
90585573,
86048388,
